{
  "cnn": {
    "model_name": "cnn",
    "parameters": 9122,
    "epochs": 10,
    "learning_rate": 0.001,
    "batch_size": 64,
    "device": "cuda",
    "training_time": 80.85981631278992,
    "time_per_epoch": 8.085981631278992,
    "final_test_accuracy": 98.63,
    "train_losses": [
      0.18568280810065296,
      0.06581754366115633,
      0.05242823389843344,
      0.04312518793021092,
      0.03725926004277457,
      0.032816992027311226,
      0.029781734333438142,
      0.026482099854194474,
      0.023883266893125126,
      0.022822134220897693
    ],
    "test_losses": [
      0.07350020655542612,
      0.059275474025588484,
      0.04872958125881851,
      0.038403681331640106,
      0.05150425842772238,
      0.05467848175633699,
      0.044274247143045065,
      0.03565912367975106,
      0.039858919093851,
      0.04215503805517219
    ],
    "test_accuracies": [
      97.74,
      98.03,
      98.47,
      98.79,
      98.28,
      98.13,
      98.54,
      98.81,
      98.62,
      98.63
    ],
    "model_path": "mnist_cnn.pth"
  },
  "mlp": {
    "model_name": "mlp",
    "parameters": 536586,
    "epochs": 10,
    "learning_rate": 0.001,
    "batch_size": 64,
    "device": "cuda",
    "training_time": 80.20708274841309,
    "time_per_epoch": 8.020708274841308,
    "final_test_accuracy": 98.47,
    "train_losses": [
      0.21181864923696275,
      0.10499520450413449,
      0.07988489024278556,
      0.06534836862905463,
      0.05779277008406119,
      0.0471655201493402,
      0.043010137663451214,
      0.038132118799640284,
      0.03638718192529396,
      0.029801936167143862
    ],
    "test_losses": [
      0.08980895670615137,
      0.0821318528316915,
      0.06441524237468839,
      0.06400277389865369,
      0.05988904673480429,
      0.056661146496853325,
      0.059035317278443834,
      0.05618590024267323,
      0.051620580723532476,
      0.05500081735936692
    ],
    "test_accuracies": [
      97.11,
      97.65,
      98.09,
      97.93,
      98.12,
      98.29,
      98.28,
      98.18,
      98.46,
      98.47
    ],
    "model_path": "mnist_mlp.pth"
  },
  "lenet5": {
    "model_name": "lenet5",
    "parameters": 44652,
    "epochs": 10,
    "learning_rate": 0.001,
    "batch_size": 64,
    "device": "cuda",
    "training_time": 87.81236743927002,
    "time_per_epoch": 8.781236743927002,
    "final_test_accuracy": 98.94,
    "train_losses": [
      0.17568123734730887,
      0.0524415294490834,
      0.03843725191144797,
      0.031523818293571974,
      0.02517163577080736,
      0.02271222638937189,
      0.02103825140407675,
      0.01702349114435368,
      0.014614161039442087,
      0.014641563637634001
    ],
    "test_losses": [
      0.05204312960729003,
      0.040638944773189724,
      0.036687289212923496,
      0.03416164115089923,
      0.03584740635654889,
      0.03915094921179116,
      0.03346614273394807,
      0.03067546177203185,
      0.031855449420312654,
      0.0343725050432724
    ],
    "test_accuracies": [
      98.33,
      98.73,
      98.9,
      98.97,
      98.96,
      98.87,
      98.94,
      99.09,
      99.02,
      98.94
    ],
    "model_path": "mnist_lenet5.pth"
  },
  "resnet": {
    "model_name": "resnet",
    "parameters": 5122,
    "epochs": 10,
    "learning_rate": 0.001,
    "batch_size": 64,
    "device": "cuda",
    "training_time": 100.79043221473694,
    "time_per_epoch": 10.079043221473693,
    "final_test_accuracy": 97.54,
    "train_losses": [
      1.0459680432386236,
      0.256733928161707,
      0.16052917026475802,
      0.12953831815420946,
      0.11093216250017127,
      0.10205435097567055,
      0.09274746302757532,
      0.08514878484033254,
      0.0803370690693074,
      0.07577328156354203
    ],
    "test_losses": [
      0.4635062899589539,
      0.2418569534778595,
      0.16087397683858873,
      0.1387619720041752,
      0.1250406236127019,
      0.09430300051867962,
      0.1291505438864231,
      0.10309753822684288,
      0.09225722665190697,
      0.08376511143445968
    ],
    "test_accuracies": [
      89.16,
      93.78,
      95.4,
      95.99,
      96.12,
      97.17,
      96.03,
      97.17,
      97.31,
      97.54
    ],
    "model_path": "mnist_resnet.pth"
  },
  "vgg": {
    "model_name": "vgg",
    "parameters": 1011882,
    "epochs": 10,
    "learning_rate": 0.001,
    "batch_size": 64,
    "device": "cuda",
    "training_time": 115.61000227928162,
    "time_per_epoch": 11.561000227928162,
    "final_test_accuracy": 99.46,
    "train_losses": [
      0.14471556590462942,
      0.05363516707141111,
      0.041241876365652165,
      0.03686459704684759,
      0.03280455485799351,
      0.028134157068374355,
      0.025085619937754853,
      0.022273705520292075,
      0.020779105089691732,
      0.01830405658180478
    ],
    "test_losses": [
      0.02948083122847602,
      0.030245985124167055,
      0.020057451766438316,
      0.020814615697576665,
      0.022268053703568876,
      0.019625074138771743,
      0.021191809592419304,
      0.01804973972638254,
      0.014756880133127561,
      0.01678028727271012
    ],
    "test_accuracies": [
      99.06,
      98.97,
      99.38,
      99.3,
      99.35,
      99.36,
      99.33,
      99.42,
      99.5,
      99.46
    ],
    "model_path": "mnist_vgg.pth"
  },
  "densenet": {
    "model_name": "densenet",
    "parameters": 98506,
    "epochs": 10,
    "learning_rate": 0.001,
    "batch_size": 64,
    "device": "cuda",
    "training_time": 220.47879266738892,
    "time_per_epoch": 22.047879266738892,
    "final_test_accuracy": 99.18,
    "train_losses": [
      0.2378725890002684,
      0.052963982252821104,
      0.039275618267557356,
      0.03372361439665946,
      0.02893211044815939,
      0.026592734415565176,
      0.023140975252209133,
      0.022293918278514603,
      0.020231412447143052,
      0.017203966907088655
    ],
    "test_losses": [
      0.07305993987992405,
      0.04196004179045558,
      0.04057518861405551,
      0.01978973284852691,
      0.02376459751916118,
      0.022619857250107452,
      0.019804041761974804,
      0.021047335719829426,
      0.02703658894887194,
      0.027495543823065235
    ],
    "test_accuracies": [
      97.91,
      98.65,
      98.69,
      99.3,
      99.28,
      99.23,
      99.41,
      99.26,
      99.17,
      99.18
    ],
    "model_path": "mnist_densenet.pth"
  },
  "efficientnet": {
    "model_name": "efficientnet",
    "parameters": 1722,
    "epochs": 10,
    "learning_rate": 0.001,
    "batch_size": 64,
    "device": "cuda",
    "training_time": 92.06054139137268,
    "time_per_epoch": 9.206054139137269,
    "final_test_accuracy": 93.17,
    "train_losses": [
      1.1707997066634042,
      0.4059728678546226,
      0.2690381049426761,
      0.22327472565016512,
      0.19920666918539798,
      0.1835144919865548,
      0.174003265178534,
      0.1643063060121178,
      0.15847836728336842,
      0.1528376818382378
    ],
    "test_losses": [
      0.5238457810401916,
      0.4283648297071457,
      0.21797273082733154,
      0.3009712958216667,
      0.2692068611145019,
      0.1932159425020218,
      0.1482118573874235,
      0.18728813173770906,
      0.14149016520678998,
      0.2167242561340332
    ],
    "test_accuracies": [
      87.01,
      85.67,
      93.64,
      90.78,
      91.37,
      93.92,
      95.4,
      94.09,
      95.83,
      93.17
    ],
    "model_path": "mnist_efficientnet.pth"
  },
  "transformer": {
    "model_name": "transformer",
    "parameters": 72074,
    "epochs": 10,
    "learning_rate": 0.001,
    "batch_size": 64,
    "device": "cuda",
    "training_time": 129.00187492370605,
    "time_per_epoch": 12.900187492370605,
    "final_test_accuracy": 97.62,