{
  "model_name": "mlp",
  "parameters": 536586,
  "epochs": 50,
  "learning_rate": 0.001,
  "batch_size": 64,
  "device": "cuda",
  "training_time": 602.9709482192993,
  "time_per_epoch": 12.059418964385987,
  "final_test_accuracy": 98.61,
  "train_losses": [
    0.21461445352892633,
    0.10460326650779622,
    0.08206625315976311,
    0.06572764460642788,
    0.0558054473542515,
    0.05015631573488698,
    0.043374876814411836,
    0.03769615540114755,
    0.03475304269023351,
    0.03166822510778776,
    0.030604315389635046,
    0.025010067647029368,
    0.028040031109071363,
    0.023184162721140628,
    0.02327950156844486,
    0.01938091303122407,
    0.018240071360258507,
    0.0186486307406849,
    0.019751147439160427,
    0.015673094458295903,
    0.016125180865317133,
    0.014287796117509669,
    0.01708760212634771,
    0.013711276489331469,
    0.014080416135419695,
    0.012325849480064766,
    0.014115291718247238,
    0.015606890749862988,
    0.01233938694307603,
    0.010587121678732391,
    0.012777564129970873,
    0.01067294301092862,
    0.011111283129365742,
    0.011678654224485413,
    0.009128581228773627,
    0.01060941740785596,
    0.010924739905883836,
    0.008065102239620724,
    0.00961225362416255,
    0.010275608176603833,
    0.010464094369641404,
    0.009295719740785455,
    0.008972792722011715,
    0.008487729468803752,
    0.00897390077171512,
    0.009617624835691129,
    0.007746384094057971,
    0.007740222958320979,
    0.007956813385881435,
    0.010968920523991241
  ],
  "test_losses": [
    0.09754249331727624,
    0.07760361548596993,
    0.061607740627042946,
    0.06485325130051933,
    0.059522444960055876,
    0.0608218361889245,
    0.060370412767247764,
    0.05789854769456433,
    0.05630505695798201,
    0.06030107334253844,
    0.050400207873652104,
    0.053914468760153975,
    0.061100032972327606,
    0.0536994107726583,
    0.061594679736728,
    0.054210780843313114,
    0.05747210793538834,
    0.05919802093813596,
    0.056543678694168195,
    0.05566713662237926,
    0.058028977881992794,
    0.06017397690542857,
    0.0589394961257025,
    0.05901459684514066,
    0.061071376055972224,
    0.05700582834972265,
    0.06014318563849047,
    0.06205335929131761,
    0.06239902275533568,
    0.058140473520773686,
    0.05899442299999528,
    0.06471174083320297,
    0.06510298862667824,
    0.06017679867351626,
    0.06164125022145827,
    0.06491616941489001,
    0.06266460637839891,
    0.06000201209229613,
    0.06661842726303416,
    0.06666380048219418,
    0.06985808125687913,
    0.07380820764862528,
    0.06965214284876865,
    0.06646860579217562,
    0.06350471707059303,
    0.07284783860010492,
    0.06975567843032984,
    0.06527869307022785,
    0.06378664244052792,
    0.06804291398778145
  ],
  "test_accuracies": [
    96.93,
    97.53,
    98.0,
    98.07,
    98.12,
    98.1,
    98.1,
    98.26,
    98.24,
    98.28,
    98.56,
    98.38,
    98.27,
    98.26,
    98.19,
    98.42,
    98.35,
    98.45,
    98.52,
    98.52,
    98.43,
    98.5,
    98.63,
    98.56,
    98.44,
    98.46,
    98.49,
    98.52,
    98.45,
    98.54,
    98.5,
    98.44,
    98.48,
    98.63,
    98.64,
    98.37,
    98.64,
    98.52,
    98.55,
    98.55,
    98.59,
    98.43,
    98.49,
    98.52,
    98.65,
    98.44,
    98.58,
    98.62,
    98.7,
    98.61
  ],
  "model_path": "models/mnist_mlp.pth"
}