{
  "model_name": "transformer",
  "parameters": 72074,
  "epochs": 50,
  "learning_rate": 0.001,
  "batch_size": 64,
  "device": "cuda",
  "training_time": 622.6345155239105,
  "time_per_epoch": 12.45269031047821,
  "final_test_accuracy": 98.49,
  "train_losses": [
    0.6204656130199366,
    0.23577386917653623,
    0.18149860996975384,
    0.15716653471705375,
    0.13946118849520284,
    0.12855499476067292,
    0.11910751718642519,
    0.11035915165802022,
    0.10240163415673373,
    0.09936508875457384,
    0.09376026082065092,
    0.09097687248239862,
    0.08715219238498953,
    0.08362902742254534,
    0.08217294667728309,
    0.07816247616523206,
    0.07578862732453054,
    0.07344587926449044,
    0.07351181376104884,
    0.07142936489232052,
    0.07013983725295114,
    0.06719039040587858,
    0.06506712367320791,
    0.06681699986045342,
    0.06403112569441602,
    0.06097818594048622,
    0.06076432475018432,
    0.06157730086428572,
    0.05763004339416263,
    0.057848444606399915,
    0.05885102359606807,
    0.056293503375106385,
    0.05366988104235913,
    0.05703057027729685,
    0.053189878835271334,
    0.05640242836261387,
    0.05482833142660912,
    0.0523483600247272,
    0.050320223588417014,
    0.05185168446624961,
    0.051259897509664254,
    0.04955841540819409,
    0.04814926236406215,
    0.048418796031925976,
    0.051812840224147394,
    0.04657601449737397,
    0.04821233672927867,
    0.04766860546190232,
    0.048079171769771736,
    0.04795719209330172
  ],
  "test_losses": [
    0.20830787460803984,
    0.1438253995358944,
    0.12003090643882751,
    0.09975117402411997,
    0.09005075957030058,
    0.09124097464866936,
    0.08349109251759947,
    0.08472990252636373,
    0.0766889094537124,
    0.06937565281484276,
    0.07571591178802774,
    0.07122182669062167,
    0.07679661355111748,
    0.06420966977374629,
    0.08082451207926497,
    0.07030711988378316,
    0.06388387945289724,
    0.06680797942262143,
    0.06572448212690651,
    0.07327525318437256,
    0.06931014059465379,
    0.062127398526947944,
    0.06432100947900908,
    0.07032137506175787,
    0.06306190022444352,
    0.06399581935019233,
    0.055606872561760244,
    0.06782542710923589,
    0.06021222226596437,
    0.058752393129933626,
    0.0638930161479162,
    0.06248084560385905,
    0.06302740678992122,
    0.05879998176759109,
    0.05981305679995567,
    0.06184646072803298,
    0.05917449996049982,
    0.05547189667976927,
    0.058833019762369806,
    0.056489549883687866,
    0.06002694042699877,
    0.049767519444855864,
    0.04757886336408555,
    0.060529697425756604,
    0.059750686882063746,
    0.05864613036601804,
    0.06073099898970686,
    0.06064467693560291,
    0.05905295950795989,
    0.054510866865003484
  ],
  "test_accuracies": [
    93.93,
    95.32,
    96.38,
    96.79,
    97.11,
    97.11,
    97.41,
    97.39,
    97.77,
    97.92,
    97.69,
    97.73,
    97.7,
    97.94,
    97.39,
    97.77,
    97.99,
    97.81,
    98.11,
    97.98,
    97.83,
    98.2,
    98.15,
    97.97,
    98.07,
    98.16,
    98.47,
    98.1,
    98.39,
    98.19,
    98.31,
    98.25,
    98.24,
    98.37,
    98.26,
    98.27,
    98.39,
    98.41,
    98.32,
    98.33,
    98.3,
    98.48,
    98.57,
    98.2,
    98.29,
    98.21,
    98.43,
    98.22,
    98.3,
    98.49
  ],
  "model_path": "models/mnist_transformer.pth"
}