{
  "model_name": "resnet",
  "parameters": 5122,
  "epochs": 50,
  "learning_rate": 0.001,
  "batch_size": 64,
  "device": "cuda",
  "training_time": 523.6426784992218,
  "time_per_epoch": 10.472853569984435,
  "final_test_accuracy": 97.87,
  "train_losses": [
    1.0963573719519797,
    0.30590313783427797,
    0.18899039785141375,
    0.14995297133080612,
    0.12855232094547578,
    0.11382939501691347,
    0.10370282857799962,
    0.09627449482993118,
    0.08835279867291324,
    0.08239454509062903,
    0.07867820670943397,
    0.07515620092636963,
    0.07300496838196541,
    0.06803397500543976,
    0.06496532266683527,
    0.06266453950953826,
    0.06101939160980459,
    0.05830337486313239,
    0.057311783935666195,
    0.05593962961289563,
    0.05479180593557878,
    0.05296749202832421,
    0.052394010905506036,
    0.051177472849912656,
    0.049426269687976296,
    0.047874936154846955,
    0.04781098264767957,
    0.04691403114752197,
    0.04638354053575871,
    0.044481320260489766,
    0.04376393201528117,
    0.04312453924570042,
    0.04191949983079757,
    0.04206607184424472,
    0.041165477055227204,
    0.041353196150927085,
    0.03948500406181714,
    0.03826163197134826,
    0.03878601282603665,
    0.03756646890871362,
    0.03704731172766846,
    0.03678785561922012,
    0.03475035942268313,
    0.03496995781322937,
    0.034946481330143504,
    0.033482926284848676,
    0.03466399859111788,
    0.0325442555753677,
    0.032069404555389334,
    0.03166289574271545
  ],
  "test_losses": [
    0.5156960214138031,
    0.343140135717392,
    0.15915087962150573,
    0.12809386102557183,
    0.21434307327270508,
    0.11614765709042549,
    0.1434012847006321,
    0.1163444035589695,
    0.07723587577864528,
    0.09654169722944499,
    0.09590666390061378,
    0.06271114701703191,
    0.0636874134041369,
    0.09556059951335191,
    0.08650439483821393,
    0.10821258304566145,
    0.060457132206112145,
    0.08723725188821554,
    0.0531228295840323,
    0.06959314197599888,
    0.09639464198201894,
    0.053368235899321735,
    0.062228885636851194,
    0.057348177733644846,
    0.053863766767457126,
    0.06073242815434933,
    0.05662401699759066,
    0.051459518777951595,
    0.07016385559886694,
    0.05885802441686392,
    0.0707586232110858,
    0.046281604439392686,
    0.048091808073222636,
    0.06258529207520187,
    0.053033531961217524,
    0.04829712446350604,
    0.0494119860522449,
    0.04785477952770889,
    0.06334761429093778,
    0.0470580220233649,
    0.05106052338965237,
    0.06038463045209646,
    0.048261723533831534,
    0.05050557863451541,
    0.05302445932552218,
    0.06115337614826858,
    0.045239998347219076,
    0.051465002812072634,
    0.04737809663689695,
    0.061868458353541794
  ],
  "test_accuracies": [
    88.27,
    89.6,
    95.73,
    96.64,
    93.24,
    96.5,
    95.7,
    96.64,
    97.84,
    97.24,
    96.99,
    98.13,
    98.01,
    97.12,
    97.47,
    96.37,
    98.3,
    97.18,
    98.57,
    97.8,
    96.97,
    98.31,
    97.96,
    98.25,
    98.31,
    98.15,
    98.31,
    98.32,
    97.58,
    98.15,
    97.76,
    98.5,
    98.49,
    98.14,
    98.37,
    98.44,
    98.48,
    98.33,
    98.11,
    98.46,
    98.47,
    98.14,
    98.5,
    98.44,
    98.29,
    98.01,
    98.49,
    98.27,
    98.46,
    97.87
  ],
  "model_path": "models/mnist_resnet.pth"
}