{
  "model_name": "cnn",
  "parameters": 9122,
  "epochs": 50,
  "learning_rate": 0.001,
  "batch_size": 64,
  "device": "cuda",
  "training_time": 630.5706005096436,
  "time_per_epoch": 12.611412010192872,
  "final_test_accuracy": 98.78,
  "train_losses": [
    0.17804320232926815,
    0.06215908558297553,
    0.0482316840363583,
    0.041890162755169276,
    0.03497308329610811,
    0.03137987920869095,
    0.027573608990001833,
    0.025414571126819704,
    0.02284222232009188,
    0.022471866746385794,
    0.01907628476958541,
    0.017942311170363007,
    0.015946717445463027,
    0.014963515127437122,
    0.014126345769878649,
    0.012504481937975837,
    0.013259658357237098,
    0.010359498336554696,
    0.009610855091755969,
    0.010143607161687945,
    0.009048588379265875,
    0.009901295063029664,
    0.007362774625799037,
    0.007344060830310133,
    0.007319968525448016,
    0.007234122323950124,
    0.006748903069268081,
    0.0070243515253456505,
    0.004958482195590636,
    0.006696830424405984,
    0.005150938094992599,
    0.004812101519352986,
    0.004957142154281042,
    0.004987417887453517,
    0.004054104921836899,
    0.004995602167715141,
    0.004625009798852544,
    0.003307785930909823,
    0.004813050804827079,
    0.0029984413630220674,
    0.0044156550736817075,
    0.004361202237873901,
    0.003083712842092741,
    0.003601182531057376,
    0.0031918720200389697,
    0.0028709177023748035,
    0.003069135865237063,
    0.0046992094425390004,
    0.0035959866552403817,
    0.0012030270547777001
  ],
  "test_losses": [
    0.06462133342698216,
    0.04824390060119331,
    0.050222537388606,
    0.04729507045503706,
    0.038406419885496146,
    0.03621615934264846,
    0.04104283265694976,
    0.04655795169612393,
    0.045728904223348944,
    0.04773466040918138,
    0.04265445949600544,
    0.04013663474187488,
    0.04003431045459584,
    0.05037819634572952,
    0.042176038521836746,
    0.04827379369131522,
    0.046823035824684486,
    0.04549304737807543,
    0.04904546657638857,
    0.04994255203820649,
    0.050456832220387875,
    0.044621900813811226,
    0.051960731638545254,
    0.044381704402358446,
    0.050288796362602806,
    0.050078187800649904,
    0.05451010600504196,
    0.054632163417088306,
    0.05760897505712819,
    0.05051194055399792,
    0.05371944082247192,
    0.05093617885455278,
    0.053159614217907984,
    0.058493145184304464,
    0.053069238488665134,
    0.05778504562121666,
    0.05793000863402001,
    0.06402470367769342,
    0.06079093497692584,
    0.0577310527318682,
    0.05714066355337127,
    0.06052345711914604,
    0.06527941095990082,
    0.0637036230684902,
    0.06823419723738726,
    0.06635767534323084,
    0.07224338267764685,
    0.07297331662766118,
    0.06616600805631043,
    0.0658383223874737
  ],
  "test_accuracies": [
    97.95,
    98.41,
    98.37,
    98.42,
    98.88,
    99.02,
    98.69,
    98.52,
    98.5,
    98.64,
    98.76,
    98.81,
    98.8,
    98.57,
    98.86,
    98.69,
    98.68,
    98.82,
    98.72,
    98.59,
    98.68,
    98.9,
    98.64,
    98.82,
    98.78,
    98.78,
    98.7,
    98.67,
    98.66,
    98.78,
    98.82,
    98.91,
    98.75,
    98.76,
    98.83,
    98.69,
    98.79,
    98.63,
    98.69,
    98.8,
    98.81,
    98.8,
    98.65,
    98.9,
    98.59,
    98.76,
    98.76,
    98.69,
    98.79,
    98.78
  ],
  "model_path": "models/mnist_cnn.pth"
}