{
  "model_name": "vgg",
  "parameters": 1011882,
  "epochs": 50,
  "learning_rate": 0.001,
  "batch_size": 64,
  "device": "cuda",
  "training_time": 607.3743300437927,
  "time_per_epoch": 12.147486600875855,
  "final_test_accuracy": 99.49,
  "train_losses": [
    0.14383241738617691,
    0.05443307632287003,
    0.04222325073610465,
    0.03724955343755522,
    0.030553904541113824,
    0.029064101771129343,
    0.025137597941568862,
    0.024510225470635548,
    0.021171093559797866,
    0.01863361039861497,
    0.016714537994440476,
    0.015370131027445742,
    0.015546387533956296,
    0.01294312483049246,
    0.013268620901513222,
    0.010793362336989803,
    0.010800789587748348,
    0.01005244086495826,
    0.010228591356069584,
    0.008806645077645192,
    0.007829135627705014,
    0.007802340410543422,
    0.008154819651500419,
    0.007339664387275221,
    0.007105856691127602,
    0.0071741902634091595,
    0.006295288179455135,
    0.004718327559795749,
    0.005134447868390753,
    0.006329172267752151,
    0.004249974368847907,
    0.005134134848657816,
    0.0051632788722260434,
    0.005054122000873924,
    0.004505301400414881,
    0.004114709443928456,
    0.0034178492494642237,
    0.0039052958426385224,
    0.003982955955645277,
    0.004107522392160339,
    0.004637740214797899,
    0.0036069620436161,
    0.0029707349020168927,
    0.0035561313237351434,
    0.0036735449729062295,
    0.003911186963179694,
    0.0025941941912601884,
    0.0030342014159073227,
    0.0033643769972700427,
    0.0031552110866292006
  ],
  "test_losses": [
    0.040703729305788874,
    0.020045364539697765,
    0.023961029883893207,
    0.020228813303005883,
    0.027086956829158588,
    0.01819238792482065,
    0.020795428462792188,
    0.015637339244363828,
    0.017762321275024442,
    0.01578640746679157,
    0.02297280074333248,
    0.01814498321953579,
    0.01473240883356193,
    0.01876802751832147,
    0.022038503822268102,
    0.020462312990470674,
    0.014773642856249353,
    0.024036685448969364,
    0.01644358645953762,
    0.014321915877221182,
    0.016119487775901508,
    0.017340029235748806,
    0.01519979278325045,
    0.01757679832995782,
    0.017169104451631938,
    0.0179231073455936,
    0.02125618169142981,
    0.020862071448060668,
    0.020157966174856302,
    0.02284380780480733,
    0.019879352718156225,
    0.02663558075218474,
    0.018850136522593628,
    0.020908931757718848,
    0.019877014078630555,
    0.021012837520584436,
    0.021350630030114944,
    0.01977646020496618,
    0.019367804157172895,
    0.019606605850426756,
    0.0214429833478477,
    0.022446159850263627,
    0.019750387659889696,
    0.024128475870634245,
    0.027287704134638647,
    0.02235798195717814,
    0.029358337235061573,
    0.025468437075625527,
    0.024907253490934193,
    0.02317872888162127
  ],
  "test_accuracies": [
    98.8,
    99.32,
    99.29,
    99.34,
    99.2,
    99.4,
    99.36,
    99.52,
    99.5,
    99.51,
    99.36,
    99.45,
    99.53,
    99.43,
    99.38,
    99.39,
    99.54,
    99.34,
    99.52,
    99.57,
    99.55,
    99.55,
    99.56,
    99.49,
    99.51,
    99.45,
    99.47,
    99.52,
    99.52,
    99.53,
    99.6,
    99.42,
    99.59,
    99.53,
    99.56,
    99.55,
    99.48,
    99.57,
    99.59,
    99.49,
    99.51,
    99.5,
    99.57,
    99.47,
    99.35,
    99.47,
    99.41,
    99.47,
    99.48,
    99.49
  ],
  "model_path": "models/mnist_vgg.pth"
}