{
  "model_name": "efficientnet",
  "parameters": 1722,
  "epochs": 50,
  "learning_rate": 0.001,
  "batch_size": 64,
  "device": "cuda",
  "training_time": 438.47147846221924,
  "time_per_epoch": 8.769429569244386,
  "final_test_accuracy": 97.16,
  "train_losses": [
    1.2178317458708403,
    0.39140713041715786,
    0.25860652752093544,
    0.20748079959342855,
    0.1842019144636291,
    0.16906004349417142,
    0.15835756378006072,
    0.15320572775127347,
    0.14408033593361186,
    0.14058604932773405,
    0.13657648988695606,
    0.13466041449354146,
    0.13035022636164606,
    0.12856917901000361,
    0.1268854954315703,
    0.12511200065126837,
    0.12282285428862137,
    0.12136983208215313,
    0.11955636868706104,
    0.1187647106592605,
    0.11634526127524404,
    0.1162169608833598,
    0.11458329070133091,
    0.1145558725448766,
    0.11309679879197307,
    0.11177440796460487,
    0.11184864879738707,
    0.11061019727837111,
    0.1095262562155104,
    0.10947112884344672,
    0.10829009009904461,
    0.10711034291785267,
    0.10571184069631116,
    0.10627850236049466,
    0.10520315130026753,
    0.10367773837848768,
    0.10420840992125621,
    0.10322688868455986,
    0.10242502736116349,
    0.10206805764516788,
    0.10112204755157995,
    0.10200326990779005,
    0.10061559975514614,
    0.10165456059609236,
    0.10070200636486477,
    0.09922838382629444,
    0.09943913478257337,
    0.09871645994347407,
    0.09909260936274028,
    0.09833656293230811
  ],
  "test_losses": [
    0.5123473481178283,
    0.30403745436668395,
    0.2366500490784645,
    0.17302268177866936,
    0.1481242424249649,
    0.14577198334038258,
    0.15652810369431971,
    0.15252383400201797,
    0.13028268766999246,
    0.24335715135931968,
    0.1939012776851654,
    0.1425339482009411,
    0.1609348938047886,
    0.17869737298190594,
    0.12230916902422904,
    0.2752529313445091,
    0.15448372655808926,
    0.2973226556241512,
    0.12536375932842492,
    0.12310296810120344,
    0.11458490374982357,
    0.2665757332444191,
    0.23586093691587448,
    0.11720289279669523,
    0.22428155037164688,
    0.1082644019305706,
    0.12045639163851737,
    0.09957019225507975,
    0.32484356005191806,
    0.1611249650657177,
    0.12717044261321425,
    0.10905548609644175,
    0.14332916521579028,
    0.145974833432585,
    0.2609791049063206,
    0.23840146274268628,
    0.10604288692735135,
    0.1627538010597229,
    0.34238405005931855,
    0.13662235527932645,
    0.3494997390270233,
    0.12400423977673054,
    0.433901582968235,
    0.12029833615869284,
    0.14800382305681706,
    0.13385586400032043,
    0.3113332945227623,
    0.11255445792526007,
    0.15758965943306685,
    0.08819675272330642
  ],
  "test_accuracies": [
    88.05,
    91.22,
    93.14,
    94.76,
    95.55,
    95.57,
    95.31,
    95.18,
    96.05,
    92.46,
    94.15,
    95.51,
    94.81,
    94.51,
    96.48,
    91.35,
    95.05,
    90.31,
    96.13,
    96.21,
    96.17,
    91.25,
    92.88,
    96.13,
    92.99,
    96.59,
    96.11,
    96.97,
    89.68,
    94.62,
    95.86,
    96.55,
    95.56,
    95.15,
    91.6,
    92.58,
    96.72,
    94.98,
    89.39,
    95.71,
    88.58,
    95.89,
    86.58,
    96.15,
    95.47,
    95.82,
    90.45,
    96.49,
    95.26,
    97.16
  ],
  "model_path": "models/mnist_efficientnet.pth"
}