{
  "model_name": "densenet",
  "parameters": 98506,
  "epochs": 50,
  "learning_rate": 0.001,
  "batch_size": 64,
  "device": "cuda",
  "training_time": 1155.5073328018188,
  "time_per_epoch": 23.110146656036378,
  "final_test_accuracy": 99.22,
  "train_losses": [
    0.2456531849260857,
    0.05752305974558329,
    0.043149609320627245,
    0.036283217636478154,
    0.03218970938621939,
    0.027977986955768995,
    0.024584209709434455,
    0.023330411979996128,
    0.020757361852960076,
    0.019466915462536663,
    0.01755189278990148,
    0.01667122500071149,
    0.014997899321198991,
    0.014614141417425503,
    0.013757915647418947,
    0.012829492361813378,
    0.011159959675687458,
    0.011926053814685667,
    0.009710696894544837,
    0.01094858201170305,
    0.008970613212200941,
    0.00921271747348679,
    0.008862450650731591,
    0.00727988310719122,
    0.007236391688312655,
    0.006326644876394418,
    0.007766576314974458,
    0.006829288402471404,
    0.005953158091335396,
    0.006478733009665844,
    0.005189929519131148,
    0.006016320239027247,
    0.0040472453260840405,
    0.0055295958594262186,
    0.005019615377750209,
    0.003874912636001488,
    0.005150730340549018,
    0.004304777159205439,
    0.0031448444014124596,
    0.005811856315815529,
    0.004407315686555547,
    0.0030371078272409015,
    0.004382374185234497,
    0.002979141575964452,
    0.0032558934990057327,
    0.003960133586120968,
    0.004471828712234601,
    0.0015416620160049457,
    0.003665602732830761,
    0.0033571645574461003
  ],
  "test_losses": [
    0.11734295024871826,
    0.045227167707681655,
    0.04163895524796098,
    0.032076082747709005,
    0.023655964742880314,
    0.04625379586853087,
    0.03292002720180899,
    0.03907583156432957,
    0.024242860192339868,
    0.019605792448832652,
    0.018365463258582168,
    0.02147209379292326,
    0.018282216253876687,
    0.015340322557161562,
    0.015100333003734704,
    0.030646596997929737,
    0.024245359138667117,
    0.019960692481533624,
    0.054800034102750944,
    0.01719294093119679,
    0.0263834982775501,
    0.014141758325236151,
    0.014536459560738877,
    0.01775376986382762,
    0.02872997485602391,
    0.02270815166098182,
    0.017530833406274905,
    0.01955550805808307,
    0.020862120986111402,
    0.02761045626110863,
    0.016741043299617377,
    0.01923013920289868,
    0.0206576629832045,
    0.023035694072199114,
    0.03902032332220988,
    0.017343029277872846,
    0.015826411677681607,
    0.022790168675221503,
    0.0320297880101949,
    0.019233460348707012,
    0.01922467630551655,
    0.024949072824329052,
    0.03624320088981331,
    0.020335457312907236,
    0.026534429219060986,
    0.022783801026754372,
    0.01961843291312798,
    0.01557894541209789,
    0.017076228696536962,
    0.028357772425754865
  ],
  "test_accuracies": [
    95.98,
    98.54,
    98.74,
    99.03,
    99.36,
    98.37,
    98.95,
    98.77,
    99.27,
    99.31,
    99.42,
    99.27,
    99.38,
    99.52,
    99.49,
    99.09,
    99.24,
    99.26,
    98.3,
    99.43,
    99.22,
    99.62,
    99.49,
    99.47,
    99.17,
    99.32,
    99.48,
    99.49,
    99.34,
    99.29,
    99.56,
    99.44,
    99.4,
    99.33,
    99.0,
    99.51,
    99.51,
    99.41,
    99.1,
    99.52,
    99.5,
    99.29,
    99.16,
    99.45,
    99.32,
    99.39,
    99.44,
    99.64,
    99.51,
    99.22
  ],
  "model_path": "models/mnist_densenet.pth"
}