{
  "model_name": "lenet5",
  "parameters": 44652,
  "epochs": 50,
  "learning_rate": 0.001,
  "batch_size": 64,
  "device": "cuda",
  "training_time": 687.3260099887848,
  "time_per_epoch": 13.746520199775695,
  "final_test_accuracy": 99.08,
  "train_losses": [
    0.16558086524815804,
    0.049447838718176824,
    0.03647402038757773,
    0.028438955393297397,
    0.02464784735046488,
    0.021412080650790973,
    0.018087244226280396,
    0.016719105672166643,
    0.014387286287753025,
    0.014182173084278816,
    0.011397865591618362,
    0.010721402745480143,
    0.011128322301292836,
    0.009937518467058655,
    0.008344384933726167,
    0.008771408249739248,
    0.00754335292793079,
    0.007682813840538093,
    0.005034670043781732,
    0.007792030494354293,
    0.006805370882576622,
    0.004874763173814057,
    0.006573491172570442,
    0.005412033337020953,
    0.0050156750822182485,
    0.00497374835169039,
    0.005381843463306831,
    0.003907135257329972,
    0.004965685022019372,
    0.0044011521190869115,
    0.004139659627274899,
    0.0044658410759447235,
    0.0031253605501857617,
    0.003368858991829509,
    0.003675071490242321,
    0.0033594539946921855,
    0.004411778745128713,
    0.004049434301460317,
    0.0034639262774415966,
    0.002583122773973709,
    0.0031157140114266377,
    0.003973776450398529,
    0.0030256485751064158,
    0.0020836820567725787,
    0.0036660888820832654,
    0.003672714780308062,
    0.0033925406632632116,
    0.0019743129888735236,
    0.0012427091166345408,
    0.00329256615323574
  ],
  "test_losses": [
    0.04571751924846321,
    0.03561752469651401,
    0.034680996450502426,
    0.04276609833003022,
    0.036682741848612206,
    0.03221890113169793,
    0.03109706294130301,
    0.039107150726020334,
    0.035981902027147586,
    0.03255616688953014,
    0.037921932465574355,
    0.03978736449254939,
    0.037823624577524605,
    0.04171419414590491,
    0.036956900777348346,
    0.03705429483086919,
    0.03955239340123298,
    0.03354158019310835,
    0.03967076465957835,
    0.03826398286352196,
    0.03629586655278108,
    0.036102456346659526,
    0.04522438846460973,
    0.04454562723296877,
    0.03813861199233279,
    0.04017009816378704,
    0.04115382536068255,
    0.04372770187681654,
    0.04319807087978725,
    0.043394529778168885,
    0.03988396814419007,
    0.04336670898119628,
    0.04688439154305281,
    0.04300642934033376,
    0.048404949515216344,
    0.050511995452431985,
    0.05301932333274908,
    0.04831502290280605,
    0.044728353838271916,
    0.0431271676217707,
    0.04959389214078321,
    0.04838006647347569,
    0.04096776606075254,
    0.05246973319919934,
    0.053964302628150974,
    0.048629740800883975,
    0.04508952259530567,
    0.04330069894272942,
    0.04404828651793145,
    0.047942849814588885
  ],
  "test_accuracies": [
    98.67,
    98.91,
    98.85,
    98.67,
    98.92,
    99.1,
    99.0,
    98.95,
    98.94,
    99.06,
    98.94,
    98.9,
    98.95,
    98.94,
    98.99,
    99.0,
    98.87,
    99.11,
    99.08,
    99.06,
    99.04,
    99.12,
    98.98,
    98.92,
    99.15,
    98.94,
    99.0,
    99.08,
    99.02,
    99.07,
    99.11,
    99.0,
    98.97,
    99.02,
    99.05,
    99.0,
    99.0,
    99.08,
    99.12,
    99.0,
    98.96,
    99.08,
    99.17,
    98.92,
    98.96,
    99.06,
    99.04,
    99.2,
    99.06,
    99.08
  ],
  "model_path": "models/mnist_lenet5.pth"
}